﻿<mockup version="5.3" minAllowVersion="5.3" ID="4161FA0A-A262-4BB2-81D8-9D22C6057215" platform="MtDesktop" defaultW="800" defaultH="600" measureW="800" measureH="639" mobileScreenScale="0">
  <controls controlCount="16">
    <control controlID="2E18045C-ED8F-479B-BD1D-0CB4FE158527" controlTypeID="List" x="0" y="76" w="265" h="117" zOrder="0">
      <font family="Segoe+UI" displayName="Segoe+UI" postScript="" weightStyle="Normal" weight="400" isBold="False" isItalic="False"/>
      <text>Current+Player+%3A+Melek%0D%0ARole+%3A+Scientest%0D%0ACurrent+Location+On+Board+%3A+Atlanta+City%0D%0AKalan+Hamle+Say%C4%B1s%C4%B1+%3A+4</text>
      <lineSpacing>0</lineSpacing>
    </control>
    <control controlID="D1CC0F60-57E6-4162-BC0E-CC23ED1C8591" controlTypeID="Button" x="322" y="395" w="107" h="70" zOrder="1">
      <color>4282301659</color>
      <font family="Segoe+UI" displayName="Segoe+UI" postScript="" weightStyle="Normal" weight="400" isBold="False" isItalic="False"/>
      <text>%0D%0AMOVES%0D%0A</text>
      <textSize>12</textSize>
      <lineSpacing>0</lineSpacing>
      <selectedIndex>-1</selectedIndex>
      <radius>4</radius>
    </control>
    <control controlID="408949A6-99C5-48BA-A4F6-E18EB5C6DC87" controlTypeID="Line" x="273" y="365" w="50" h="32" zOrder="2">
      <font family="Segoe+UI" displayName="Segoe+UI" postScript="" weightStyle="Normal" weight="400" isBold="False" isItalic="False"/>
      <lineSpacing>0</lineSpacing>
      <selectedIndex>-1</selectedIndex>
      <controlPoint>(24,16)</controlPoint>
      <startPoint>(49,32)</startPoint>
      <endPoint>(0,0)</endPoint>
    </control>
    <control controlID="25751D74-DD53-4AAB-8327-06BDD6783EB5" controlTypeID="Line" x="256" y="429" w="66" h="2" zOrder="3">
      <font family="Segoe+UI" displayName="Segoe+UI" postScript="" weightStyle="Normal" weight="400" isBold="False" isItalic="False"/>
      <lineSpacing>0</lineSpacing>
      <selectedIndex>-1</selectedIndex>
      <controlPoint>(32,1)</controlPoint>
      <startPoint>(65,1)</startPoint>
      <endPoint>(0,1)</endPoint>
    </control>
    <control controlID="9044FAAD-A501-4C6E-8A3C-1FAE09FC3DED" controlTypeID="Line" x="376" y="341" w="1" h="56" zOrder="4">
      <font family="Segoe+UI" displayName="Segoe+UI" postScript="" weightStyle="Normal" weight="400" isBold="False" isItalic="False"/>
      <lineSpacing>0</lineSpacing>
      <selectedIndex>-1</selectedIndex>
      <controlPoint>(0,28)</controlPoint>
      <startPoint>(0,56)</startPoint>
      <endPoint>(0,0)</endPoint>
    </control>
    <control controlID="42C94983-32EE-4140-BEA1-33143645C246" controlTypeID="Line" x="301" y="466" w="40" h="54" zOrder="5">
      <font family="Segoe+UI" displayName="Segoe+UI" postScript="" weightStyle="Normal" weight="400" isBold="False" isItalic="False"/>
      <lineSpacing>0</lineSpacing>
      <selectedIndex>-1</selectedIndex>
      <controlPoint>(20,26)</controlPoint>
      <startPoint>(1,53)</startPoint>
      <endPoint>(40,0)</endPoint>
    </control>
    <control controlID="EA5AE131-260A-411D-B935-64739F90DB03" controlTypeID="Line" x="429" y="430" w="68" h="1" zOrder="6">
      <font family="Segoe+UI" displayName="Segoe+UI" postScript="" weightStyle="Normal" weight="400" isBold="False" isItalic="False"/>
      <lineSpacing>0</lineSpacing>
      <selectedIndex>-1</selectedIndex>
      <controlPoint>(34,0)</controlPoint>
      <startPoint>(68,0)</startPoint>
      <endPoint>(0,0)</endPoint>
    </control>
    <control controlID="F342BD8A-A643-4786-8922-305C452DBE1D" controlTypeID="Line" x="429" y="360" w="56" h="38" zOrder="7">
      <font family="Segoe+UI" displayName="Segoe+UI" postScript="" weightStyle="Normal" weight="400" isBold="False" isItalic="False"/>
      <lineSpacing>0</lineSpacing>
      <selectedIndex>-1</selectedIndex>
      <controlPoint>(28,20)</controlPoint>
      <startPoint>(56,1)</startPoint>
      <endPoint>(0,38)</endPoint>
    </control>
    <control controlID="7F9372D9-11AD-40E0-B989-634A61ED6FB3" controlTypeID="Line" x="411" y="466" w="34" h="52" zOrder="8">
      <font family="Segoe+UI" displayName="Segoe+UI" postScript="" weightStyle="Normal" weight="400" isBold="False" isItalic="False"/>
      <lineSpacing>0</lineSpacing>
      <selectedIndex>-1</selectedIndex>
      <controlPoint>(17,26)</controlPoint>
      <startPoint>(34,52)</startPoint>
      <endPoint>(0,0)</endPoint>
    </control>
    <control controlID="1CC3776D-7D50-4FC4-9F3B-EF3EB6623D17" controlTypeID="Button" x="217" y="318" w="78" h="47" zOrder="9">
      <font family="Segoe+UI" displayName="Segoe+UI" postScript="" weightStyle="Normal" weight="400" isBold="False" isItalic="False"/>
      <text>Share+Knowledge%0D%0A</text>
      <textSize>12</textSize>
      <lineSpacing>0</lineSpacing>
      <selectedIndex>-1</selectedIndex>
      <radius>4</radius>
    </control>
    <control controlID="13F16D1A-3A61-4CB5-AD35-9916634B8D1F" controlTypeID="Button" x="418" y="514" w="78" h="44" zOrder="10">
      <font family="Segoe+UI" displayName="Segoe+UI" postScript="" weightStyle="Normal" weight="400" isBold="False" isItalic="False"/>
      <text>Shuttle+Flight</text>
      <textSize>12</textSize>
      <lineSpacing>0</lineSpacing>
      <selectedIndex>-1</selectedIndex>
      <radius>4</radius>
    </control>
    <control controlID="5DDA2BB6-0B72-4EF6-842E-877FBA297E76" controlTypeID="Button" x="256" y="513" w="90" h="45" zOrder="11">
      <font family="Segoe+UI" displayName="Segoe+UI" postScript="" weightStyle="Normal" weight="400" isBold="False" isItalic="False"/>
      <text>Build+a+Research+Station</text>
      <textSize>12</textSize>
      <lineSpacing>0</lineSpacing>
      <selectedIndex>-1</selectedIndex>
      <radius>4</radius>
    </control>
    <control controlID="9755CB46-88B4-40DB-AA89-7107C06BEBC2" controlTypeID="Button" x="205" y="407" w="74" h="37" zOrder="12">
      <font family="Segoe+UI" displayName="Segoe+UI" postScript="" weightStyle="Normal" weight="400" isBold="False" isItalic="False"/>
      <text>Treat+Disease</text>
      <textSize>12</textSize>
      <lineSpacing>0</lineSpacing>
      <selectedIndex>-1</selectedIndex>
      <radius>4</radius>
    </control>
    <control controlID="6F36B8DC-B0CB-4E26-9CCC-D95905D245AF" controlTypeID="Button" x="456" y="314" w="75" h="47" zOrder="13">
      <font family="Segoe+UI" displayName="Segoe+UI" postScript="" weightStyle="Normal" weight="400" isBold="False" isItalic="False"/>
      <text>Direct+Flight</text>
      <textSize>12</textSize>
      <lineSpacing>0</lineSpacing>
      <selectedIndex>-1</selectedIndex>
      <radius>4</radius>
    </control>
    <control controlID="CD7A1C18-C462-42EE-9935-CE184C5D5D6F" controlTypeID="Button" x="341" y="307" w="72" h="39" zOrder="14">
      <font family="Segoe+UI" displayName="Segoe+UI" postScript="" weightStyle="Normal" weight="400" isBold="False" isItalic="False"/>
      <text>Drive+%2F+Ferry</text>
      <textSize>12</textSize>
      <lineSpacing>0</lineSpacing>
      <selectedIndex>-1</selectedIndex>
      <radius>4</radius>
    </control>
    <control controlID="4CC89A7E-640F-441E-8910-530884ADAAEE" controlTypeID="Button" x="497" y="414" w="82" h="40" zOrder="15">
      <font family="Segoe+UI" displayName="Segoe+UI" postScript="" weightStyle="Normal" weight="400" isBold="False" isItalic="False"/>
      <text>Charter+Flight</text>
      <textSize>12</textSize>
      <lineSpacing>0</lineSpacing>
      <selectedIndex>-1</selectedIndex>
      <radius>4</radius>
    </control>
  </controls>
  <param>
    <backgroundColor>4294967295</backgroundColor>
    <fontSize>0</fontSize>
    <fontFamily/>
    <guideLines/>
  </param>
</mockup>