﻿<mockup version="5.3" minAllowVersion="5.3" ID="4161FA0A-A262-4BB2-81D8-9D22C6057215" platform="MtDesktop" defaultW="800" defaultH="600" measureW="800" measureH="639" mobileScreenScale="0">
  <controls controlCount="59">
    <control controlID="2E18045C-ED8F-479B-BD1D-0CB4FE158527" controlTypeID="List" x="0" y="80" w="265" h="117" zOrder="0">
      <font family="Segoe+UI" displayName="Segoe+UI" postScript="" weightStyle="Normal" weight="400" isBold="False" isItalic="False"/>
      <text>Current+Player+%3A+Melek%0D%0ARole+%3A+Scientest%0D%0ACurrent+Location+On+Board+%3A+Atlanta+City%0D%0ANumber+Of+Remaing+Moves+%3A+4</text>
      <lineSpacing>0</lineSpacing>
    </control>
    <control controlID="D1CC0F60-57E6-4162-BC0E-CC23ED1C8591" controlTypeID="Button" x="322" y="395" w="107" h="70" zOrder="1">
      <color>4282501083</color>
      <font family="Segoe+UI" displayName="Segoe+UI" postScript="" weightStyle="Normal" weight="400" isBold="False" isItalic="False"/>
      <text>%0D%0AMOVES%0D%0A</text>
      <textSize>12</textSize>
      <lineSpacing>0</lineSpacing>
      <selectedIndex>-1</selectedIndex>
      <radius>4</radius>
    </control>
    <control controlID="408949A6-99C5-48BA-A4F6-E18EB5C6DC87" controlTypeID="Line" x="273" y="365" w="50" h="32" zOrder="2">
      <font family="Segoe+UI" displayName="Segoe+UI" postScript="" weightStyle="Normal" weight="400" isBold="False" isItalic="False"/>
      <lineSpacing>0</lineSpacing>
      <selectedIndex>-1</selectedIndex>
      <controlPoint>(24,16)</controlPoint>
      <startPoint>(49,32)</startPoint>
      <endPoint>(0,0)</endPoint>
    </control>
    <control controlID="25751D74-DD53-4AAB-8327-06BDD6783EB5" controlTypeID="Line" x="256" y="429" w="66" h="2" zOrder="3">
      <font family="Segoe+UI" displayName="Segoe+UI" postScript="" weightStyle="Normal" weight="400" isBold="False" isItalic="False"/>
      <lineSpacing>0</lineSpacing>
      <selectedIndex>-1</selectedIndex>
      <controlPoint>(32,1)</controlPoint>
      <startPoint>(65,1)</startPoint>
      <endPoint>(0,1)</endPoint>
    </control>
    <control controlID="9044FAAD-A501-4C6E-8A3C-1FAE09FC3DED" controlTypeID="Line" x="376" y="341" w="1" h="56" zOrder="4">
      <font family="Segoe+UI" displayName="Segoe+UI" postScript="" weightStyle="Normal" weight="400" isBold="False" isItalic="False"/>
      <lineSpacing>0</lineSpacing>
      <selectedIndex>-1</selectedIndex>
      <controlPoint>(0,28)</controlPoint>
      <startPoint>(0,56)</startPoint>
      <endPoint>(0,0)</endPoint>
    </control>
    <control controlID="42C94983-32EE-4140-BEA1-33143645C246" controlTypeID="Line" x="301" y="466" w="40" h="54" zOrder="5">
      <font family="Segoe+UI" displayName="Segoe+UI" postScript="" weightStyle="Normal" weight="400" isBold="False" isItalic="False"/>
      <lineSpacing>0</lineSpacing>
      <selectedIndex>-1</selectedIndex>
      <controlPoint>(20,26)</controlPoint>
      <startPoint>(1,53)</startPoint>
      <endPoint>(40,0)</endPoint>
    </control>
    <control controlID="EA5AE131-260A-411D-B935-64739F90DB03" controlTypeID="Line" x="429" y="430" w="68" h="1" zOrder="6">
      <font family="Segoe+UI" displayName="Segoe+UI" postScript="" weightStyle="Normal" weight="400" isBold="False" isItalic="False"/>
      <lineSpacing>0</lineSpacing>
      <selectedIndex>-1</selectedIndex>
      <controlPoint>(34,0)</controlPoint>
      <startPoint>(68,0)</startPoint>
      <endPoint>(0,0)</endPoint>
    </control>
    <control controlID="F342BD8A-A643-4786-8922-305C452DBE1D" controlTypeID="Line" x="429" y="360" w="56" h="38" zOrder="7">
      <font family="Segoe+UI" displayName="Segoe+UI" postScript="" weightStyle="Normal" weight="400" isBold="False" isItalic="False"/>
      <lineSpacing>0</lineSpacing>
      <selectedIndex>-1</selectedIndex>
      <controlPoint>(28,20)</controlPoint>
      <startPoint>(56,1)</startPoint>
      <endPoint>(0,38)</endPoint>
    </control>
    <control controlID="7F9372D9-11AD-40E0-B989-634A61ED6FB3" controlTypeID="Line" x="411" y="466" w="34" h="52" zOrder="8">
      <font family="Segoe+UI" displayName="Segoe+UI" postScript="" weightStyle="Normal" weight="400" isBold="False" isItalic="False"/>
      <lineSpacing>0</lineSpacing>
      <selectedIndex>-1</selectedIndex>
      <controlPoint>(17,26)</controlPoint>
      <startPoint>(34,52)</startPoint>
      <endPoint>(0,0)</endPoint>
    </control>
    <control controlID="1CC3776D-7D50-4FC4-9F3B-EF3EB6623D17" controlTypeID="Button" x="217" y="320" w="78" h="45" zOrder="9">
      <interactiveData>
        <entry title="">
          <area shape="0" alt="" ID="{1ED4750F-E80B-4E3A-98ED-81932E4D864D}" coords="(0,0,78,45)"/>
          <events title="">
            <event eventType="atClick" isChecked="True">
              <behaviour title="" isChecked="True" isWait="False" isLoop="False" execMode="emParallel">
                <target targetID="8901D216-B374-4FE9-B76E-1C8255FA249B" isChecked="True" isAutoRecovery="False" isLoop="False" execMode="emSequence">
                  <command name="Popup State Change" isChecked="True" descrition="">
                    <param name="AniInterpolation" value="0" varType="3" description=""/>
                    <param name="AniDuration" value="200" varType="3" description=""/>
                    <param name="AniAutoReverse" value="False" varType="11" description=""/>
                    <param name="AniLoop" value="False" varType="11" description=""/>
                    <param name="AniInterpolationTypeOut" value="False" varType="11" description=""/>
                    <param name="Delay" value="0" varType="3" description=""/>
                    <param name="Value" value="2" varType="3" description=""/>
                    <param name="AniType" value="0" varType="3" description=""/>
                  </command>
                </target>
              </behaviour>
            </event>
          </events>
        </entry>
      </interactiveData>
      <font family="Segoe+UI" displayName="Segoe+UI" postScript="" weightStyle="Normal" weight="400" isBold="False" isItalic="False"/>
      <text>Share+Knowledge%0D%0A</text>
      <textSize>12</textSize>
      <lineSpacing>0</lineSpacing>
      <selectedIndex>-1</selectedIndex>
      <radius>4</radius>
    </control>
    <control controlID="13F16D1A-3A61-4CB5-AD35-9916634B8D1F" controlTypeID="Button" x="419" y="514" w="78" h="44" zOrder="10">
      <interactiveData>
        <entry title="">
          <area shape="0" alt="" ID="{76DD1D32-7A65-4178-AF05-3A524E303EC1}" coords="(0,0,78,44)"/>
          <events title="">
            <event eventType="atClick" isChecked="True">
              <behaviour title="" isChecked="True" isWait="False" isLoop="False" execMode="emParallel">
                <target targetID="AB0B4C10-31E7-4477-9126-AE7DB68F0FE6" isChecked="True" isAutoRecovery="False" isLoop="False" execMode="emSequence">
                  <command name="Popup State Change" isChecked="True" descrition="">
                    <param name="AniInterpolation" value="0" varType="3" description=""/>
                    <param name="AniDuration" value="200" varType="3" description=""/>
                    <param name="AniAutoReverse" value="False" varType="11" description=""/>
                    <param name="AniLoop" value="False" varType="11" description=""/>
                    <param name="AniInterpolationTypeOut" value="False" varType="11" description=""/>
                    <param name="Delay" value="0" varType="3" description=""/>
                    <param name="Value" value="2" varType="3" description=""/>
                    <param name="AniType" value="0" varType="3" description=""/>
                  </command>
                </target>
              </behaviour>
            </event>
          </events>
        </entry>
      </interactiveData>
      <font family="Segoe+UI" displayName="Segoe+UI" postScript="" weightStyle="Normal" weight="400" isBold="False" isItalic="False"/>
      <text>Shuttle+Flight</text>
      <textSize>12</textSize>
      <lineSpacing>0</lineSpacing>
      <selectedIndex>-1</selectedIndex>
      <radius>4</radius>
    </control>
    <control controlID="5DDA2BB6-0B72-4EF6-842E-877FBA297E76" controlTypeID="Button" x="256" y="513" w="90" h="45" zOrder="11">
      <interactiveData>
        <entry title="">
          <area shape="0" alt="" ID="{D60394AA-B919-4D74-9DE7-A449B1D25F85}" coords="(0,0,90,45)"/>
          <events title="">
            <event eventType="atClick" isChecked="True">
              <behaviour title="" isChecked="True" isWait="False" isLoop="False" execMode="emParallel">
                <target targetID="A1F20BE2-A1E0-44BD-96D5-11D924E3F332" isChecked="True" isAutoRecovery="False" isLoop="False" execMode="emSequence">
                  <command name="Popup State Change" isChecked="True" descrition="">
                    <param name="AniInterpolation" value="0" varType="3" description=""/>
                    <param name="AniDuration" value="200" varType="3" description=""/>
                    <param name="AniAutoReverse" value="False" varType="11" description=""/>
                    <param name="AniLoop" value="False" varType="11" description=""/>
                    <param name="AniInterpolationTypeOut" value="False" varType="11" description=""/>
                    <param name="Delay" value="0" varType="3" description=""/>
                    <param name="Value" value="2" varType="3" description=""/>
                    <param name="AniType" value="0" varType="3" description=""/>
                  </command>
                </target>
              </behaviour>
            </event>
          </events>
        </entry>
      </interactiveData>
      <font family="Segoe+UI" displayName="Segoe+UI" postScript="" weightStyle="Normal" weight="400" isBold="False" isItalic="False"/>
      <text>Build+a+Research+Station</text>
      <textSize>12</textSize>
      <lineSpacing>0</lineSpacing>
      <selectedIndex>-1</selectedIndex>
      <radius>4</radius>
    </control>
    <control controlID="9755CB46-88B4-40DB-AA89-7107C06BEBC2" controlTypeID="Button" x="205" y="407" w="74" h="37" zOrder="12">
      <interactiveData>
        <entry title="">
          <area shape="0" alt="" ID="{3C032ED2-C7BA-40ED-8989-3CF719F4AED1}" coords="(0,0,74,37)"/>
          <events title="">
            <event eventType="atClick" isChecked="True">
              <behaviour title="" isChecked="True" isWait="False" isLoop="False" execMode="emParallel">
                <target targetID="24E4E899-F4CF-4479-891B-43B52DE57482" isChecked="True" isAutoRecovery="False" isLoop="False" execMode="emSequence">
                  <command name="Popup State Change" isChecked="True" descrition="">
                    <param name="AniInterpolation" value="0" varType="3" description=""/>
                    <param name="AniDuration" value="200" varType="3" description=""/>
                    <param name="AniAutoReverse" value="False" varType="11" description=""/>
                    <param name="AniLoop" value="False" varType="11" description=""/>
                    <param name="AniInterpolationTypeOut" value="False" varType="11" description=""/>
                    <param name="Delay" value="0" varType="3" description=""/>
                    <param name="Value" value="2" varType="3" description=""/>
                    <param name="AniType" value="0" varType="3" description=""/>
                  </command>
                </target>
              </behaviour>
            </event>
          </events>
        </entry>
      </interactiveData>
      <font family="Segoe+UI" displayName="Segoe+UI" postScript="" weightStyle="Normal" weight="400" isBold="False" isItalic="False"/>
      <text>Treat+Disease</text>
      <textSize>12</textSize>
      <lineSpacing>0</lineSpacing>
      <selectedIndex>-1</selectedIndex>
      <radius>4</radius>
    </control>
    <control controlID="6F36B8DC-B0CB-4E26-9CCC-D95905D245AF" controlTypeID="Button" x="456" y="314" w="75" h="47" zOrder="13">
      <interactiveData>
        <entry title="">
          <area shape="0" alt="" ID="{8C1C0C99-72C2-42BA-A97A-26E3A096B699}" coords="(0,0,75,47)"/>
          <events title="">
            <event eventType="atClick" isChecked="True">
              <behaviour title="" isChecked="True" isWait="False" isLoop="False" execMode="emParallel">
                <target targetID="CAB94F1A-021F-4C0B-BA99-FF99C7915D0C" isChecked="True" isAutoRecovery="False" isLoop="False" execMode="emSequence">
                  <command name="Popup State Change" isChecked="True" descrition="">
                    <param name="AniInterpolation" value="0" varType="3" description=""/>
                    <param name="AniDuration" value="200" varType="3" description=""/>
                    <param name="AniAutoReverse" value="False" varType="11" description=""/>
                    <param name="AniLoop" value="False" varType="11" description=""/>
                    <param name="AniInterpolationTypeOut" value="False" varType="11" description=""/>
                    <param name="Delay" value="0" varType="3" description=""/>
                    <param name="Value" value="2" varType="3" description=""/>
                    <param name="AniType" value="0" varType="3" description=""/>
                  </command>
                </target>
              </behaviour>
            </event>
          </events>
        </entry>
      </interactiveData>
      <font family="Segoe+UI" displayName="Segoe+UI" postScript="" weightStyle="Normal" weight="400" isBold="False" isItalic="False"/>
      <text>Direct+Flight</text>
      <textSize>12</textSize>
      <lineSpacing>0</lineSpacing>
      <selectedIndex>-1</selectedIndex>
      <radius>4</radius>
    </control>
    <control controlID="CD7A1C18-C462-42EE-9935-CE184C5D5D6F" controlTypeID="Button" x="341" y="307" w="72" h="39" zOrder="14">
      <font family="Segoe+UI" displayName="Segoe+UI" postScript="" weightStyle="Normal" weight="400" isBold="False" isItalic="False"/>
      <text>Drive+%2F+Ferry</text>
      <textSize>12</textSize>
      <lineSpacing>0</lineSpacing>
      <selectedIndex>-1</selectedIndex>
      <radius>4</radius>
    </control>
    <control controlID="4CC89A7E-640F-441E-8910-530884ADAAEE" controlTypeID="Button" x="497" y="414" w="82" h="40" zOrder="15">
      <interactiveData>
        <entry title="">
          <area shape="0" alt="" ID="{E48961A9-2CCF-4293-B58F-8C051A87C019}" coords="(0,0,82,40)"/>
          <events title="">
            <event eventType="atClick" isChecked="True">
              <behaviour title="" isChecked="True" isWait="False" isLoop="False" execMode="emParallel">
                <target targetID="FAB32E71-B11D-4B73-948B-26A256EF0724" isChecked="True" isAutoRecovery="False" isLoop="False" execMode="emSequence">
                  <command name="Popup State Change" isChecked="True" descrition="">
                    <param name="AniInterpolation" value="0" varType="3" description=""/>
                    <param name="AniDuration" value="200" varType="3" description=""/>
                    <param name="AniAutoReverse" value="False" varType="11" description=""/>
                    <param name="AniLoop" value="False" varType="11" description=""/>
                    <param name="AniInterpolationTypeOut" value="False" varType="11" description=""/>
                    <param name="Delay" value="0" varType="3" description=""/>
                    <param name="Value" value="2" varType="3" description=""/>
                    <param name="AniType" value="0" varType="3" description=""/>
                  </command>
                </target>
              </behaviour>
            </event>
          </events>
        </entry>
      </interactiveData>
      <font family="Segoe+UI" displayName="Segoe+UI" postScript="" weightStyle="Normal" weight="400" isBold="False" isItalic="False"/>
      <text>Charter+Flight</text>
      <textSize>12</textSize>
      <lineSpacing>0</lineSpacing>
      <selectedIndex>-1</selectedIndex>
      <radius>4</radius>
    </control>
    <control controlID="1274C646-1AA9-40FB-83F6-F53EA2609B8C" controlTypeID="TextArea" x="0" y="0" w="800" h="37" zOrder="16">
      <color>4282501083</color>
      <font family="Segoe+UI" displayName="Segoe+UI" postScript="" weightStyle="Normal" weight="400" isBold="False" isItalic="False"/>
      <text>PANDEMIC</text>
      <textSize>20</textSize>
      <useDefaultTextSize>False</useDefaultTextSize>
      <selectedIndex>-1</selectedIndex>
    </control>
    <control controlID="38CE7010-DAA1-4316-B92F-2B662364194D" controlTypeID="PopupPanel" x="341" y="239" w="46" h="46" zOrder="17">
      <groupChildrenDescriptors>
        <control controlID="ADC6C6CB-A9E9-43A3-A345-4F2715D3D62F" controlTypeID="Panel" x="0" y="0" w="800" h="639" zOrder="0">
          <locked>True</locked>
          <color>1879048192</color>
          <borderVisible>False</borderVisible>
          <canMove>False</canMove>
          <alias>background</alias>
          <groupChildrenDescriptors>
            <control controlID="A2190872-D836-4BBC-B963-9C883FB7465D" controlTypeID="Border" x="0" y="0" w="800" h="639" zOrder="0">
              <borderVisible>False</borderVisible>
              <alias>borderLayer</alias>
            </control>
          </groupChildrenDescriptors>
          <thinkness>1</thinkness>
        </control>
        <control controlID="C4694DDE-2472-4D9D-A3C1-DBFB8B6431CF" controlTypeID="PopupPanelContent" x="246" y="285" w="282" h="122" zOrder="1">
          <color>16777215</color>
          <alias>content</alias>
          <groupChildrenDescriptors>
            <control controlID="4E519725-833A-4F1E-B0B3-300CCAEEE6B1" controlTypeID="Shape" x="0" y="0" w="282" h="122" zOrder="0">
              <font family="Segoe+UI" displayName="Segoe+UI" postScript="" weightStyle="Normal" weight="400" isBold="False" isItalic="False"/>
              <selectedIndex>-1</selectedIndex>
            </control>
            <control controlID="4D5D5003-85D1-40B9-8426-87497D7FA540" controlTypeID="TextArea" x="65" y="31" w="156" h="28" zOrder="1">
              <font family="Segoe+UI" displayName="Segoe+UI" postScript="" weightStyle="Normal" weight="400" isBold="False" isItalic="False"/>
              <text>Enter+new+location+%3A+</text>
              <textSize>12</textSize>
              <selectedIndex>-1</selectedIndex>
            </control>
            <control controlID="F8DB3494-1E40-40EE-AE54-E4825F44E0F8" controlTypeID="Shape" x="65" y="59" w="120" h="27" zOrder="2">
              <font family="Segoe+UI" displayName="Segoe+UI" postScript="" weightStyle="Normal" weight="400" isBold="False" isItalic="False"/>
              <selectedIndex>-1</selectedIndex>
            </control>
          </groupChildrenDescriptors>
        </control>
      </groupChildrenDescriptors>
    </control>
    <control controlID="CAB94F1A-021F-4C0B-BA99-FF99C7915D0C" controlTypeID="PopupPanel" x="497" y="239" w="46" h="46" zOrder="18">
      <groupChildrenDescriptors>
        <control controlID="D26BEE5E-FAC0-4FE7-8A63-1CC5DD321AF7" controlTypeID="Panel" x="0" y="0" w="800" h="639" zOrder="0">
          <locked>True</locked>
          <color>1879048192</color>
          <borderVisible>False</borderVisible>
          <canMove>False</canMove>
          <alias>background</alias>
          <groupChildrenDescriptors>
            <control controlID="A6776899-3436-4288-81DE-8F6861D30216" controlTypeID="Border" x="0" y="0" w="800" h="639" zOrder="0">
              <borderVisible>False</borderVisible>
              <alias>borderLayer</alias>
            </control>
          </groupChildrenDescriptors>
          <thinkness>1</thinkness>
        </control>
        <control controlID="CE77E655-5820-4C78-93CF-B2FB80DA0EA9" controlTypeID="PopupPanelContent" x="246" y="285" w="282" h="122" zOrder="1">
          <color>16777215</color>
          <alias>content</alias>
          <groupChildrenDescriptors>
            <control controlID="EBE95B19-2BBF-4E9B-BF7B-7EFAE65B3111" controlTypeID="Shape" x="0" y="0" w="282" h="122" zOrder="0">
              <font family="Segoe+UI" displayName="Segoe+UI" postScript="" weightStyle="Normal" weight="400" isBold="False" isItalic="False"/>
              <selectedIndex>-1</selectedIndex>
            </control>
            <control controlID="2B98628E-9AB6-4690-9751-602B94A959FC" controlTypeID="TextArea" x="65" y="31" w="156" h="28" zOrder="1">
              <font family="Segoe+UI" displayName="Segoe+UI" postScript="" weightStyle="Normal" weight="400" isBold="False" isItalic="False"/>
              <text>Enter+new+location+%3A+</text>
              <textSize>12</textSize>
              <selectedIndex>-1</selectedIndex>
            </control>
            <control controlID="23370FEE-CC45-49B5-8049-2DBB120595DC" controlTypeID="Shape" x="65" y="59" w="120" h="27" zOrder="2">
              <font family="Segoe+UI" displayName="Segoe+UI" postScript="" weightStyle="Normal" weight="400" isBold="False" isItalic="False"/>
              <selectedIndex>-1</selectedIndex>
            </control>
          </groupChildrenDescriptors>
        </control>
      </groupChildrenDescriptors>
    </control>
    <control controlID="FAB32E71-B11D-4B73-948B-26A256EF0724" controlTypeID="PopupPanel" x="614" y="411" w="46" h="46" zOrder="19">
      <groupChildrenDescriptors>
        <control controlID="F7BD9DEA-C4F5-4ADA-97B0-970AF34D5B00" controlTypeID="Panel" x="0" y="0" w="800" h="639" zOrder="0">
          <locked>True</locked>
          <color>1879048192</color>
          <borderVisible>False</borderVisible>
          <canMove>False</canMove>
          <alias>background</alias>
          <groupChildrenDescriptors>
            <control controlID="E454369B-0F03-42B6-9DBA-B4DA0F109F11" controlTypeID="Border" x="0" y="0" w="800" h="639" zOrder="0">
              <borderVisible>False</borderVisible>
              <alias>borderLayer</alias>
            </control>
          </groupChildrenDescriptors>
          <thinkness>1</thinkness>
        </control>
        <control controlID="252AA581-5681-4D89-A1C8-B6BB528F61C2" controlTypeID="PopupPanelContent" x="246" y="285" w="282" h="122" zOrder="1">
          <color>16777215</color>
          <alias>content</alias>
          <groupChildrenDescriptors>
            <control controlID="EE0F5446-3F67-47EE-9C7B-D9BA37CC7382" controlTypeID="Shape" x="0" y="0" w="282" h="122" zOrder="0">
              <font family="Segoe+UI" displayName="Segoe+UI" postScript="" weightStyle="Normal" weight="400" isBold="False" isItalic="False"/>
              <selectedIndex>-1</selectedIndex>
            </control>
            <control controlID="6D8F3411-5272-44CA-B1C6-31F5E8FB5A66" controlTypeID="TextArea" x="65" y="31" w="156" h="28" zOrder="1">
              <font family="Segoe+UI" displayName="Segoe+UI" postScript="" weightStyle="Normal" weight="400" isBold="False" isItalic="False"/>
              <text>Enter+new+location+%3A+</text>
              <textSize>12</textSize>
              <selectedIndex>-1</selectedIndex>
            </control>
            <control controlID="7504F1D1-437C-49BF-8371-7BDDF5D6E764" controlTypeID="Shape" x="65" y="59" w="120" h="27" zOrder="2">
              <font family="Segoe+UI" displayName="Segoe+UI" postScript="" weightStyle="Normal" weight="400" isBold="False" isItalic="False"/>
              <selectedIndex>-1</selectedIndex>
            </control>
          </groupChildrenDescriptors>
        </control>
      </groupChildrenDescriptors>
    </control>
    <control controlID="AB0B4C10-31E7-4477-9126-AE7DB68F0FE6" controlTypeID="PopupPanel" x="525" y="541" w="46" h="46" zOrder="20">
      <groupChildrenDescriptors>
        <control controlID="629B4259-8866-4347-8089-2978C662D5FD" controlTypeID="Panel" x="0" y="0" w="800" h="639" zOrder="0">
          <locked>True</locked>
          <color>1879048192</color>
          <borderVisible>False</borderVisible>
          <canMove>False</canMove>
          <alias>background</alias>
          <groupChildrenDescriptors>
            <control controlID="28450901-4CB0-493D-9DC3-BF0EF7FACA43" controlTypeID="Border" x="0" y="0" w="800" h="639" zOrder="0">
              <borderVisible>False</borderVisible>
              <alias>borderLayer</alias>
            </control>
          </groupChildrenDescriptors>
          <thinkness>1</thinkness>
        </control>
        <control controlID="D3778ABE-2887-4D9B-8E21-93E941DE91AF" controlTypeID="PopupPanelContent" x="246" y="285" w="282" h="122" zOrder="1">
          <color>16777215</color>
          <alias>content</alias>
          <groupChildrenDescriptors>
            <control controlID="2825E8B0-6448-4384-ACB2-8A6831D8E020" controlTypeID="Shape" x="0" y="0" w="282" h="122" zOrder="0">
              <font family="Segoe+UI" displayName="Segoe+UI" postScript="" weightStyle="Normal" weight="400" isBold="False" isItalic="False"/>
              <selectedIndex>-1</selectedIndex>
            </control>
            <control controlID="B534B488-3EAE-42AD-BF05-2820C5330799" controlTypeID="TextArea" x="65" y="31" w="156" h="28" zOrder="1">
              <font family="Segoe+UI" displayName="Segoe+UI" postScript="" weightStyle="Normal" weight="400" isBold="False" isItalic="False"/>
              <text>Enter+new+location+%3A+</text>
              <textSize>12</textSize>
              <selectedIndex>-1</selectedIndex>
            </control>
            <control controlID="C9448F45-4D46-45A0-B66E-BA6422C339A0" controlTypeID="Shape" x="65" y="59" w="120" h="27" zOrder="2">
              <font family="Segoe+UI" displayName="Segoe+UI" postScript="" weightStyle="Normal" weight="400" isBold="False" isItalic="False"/>
              <selectedIndex>-1</selectedIndex>
            </control>
          </groupChildrenDescriptors>
        </control>
      </groupChildrenDescriptors>
    </control>
    <control controlID="24E4E899-F4CF-4479-891B-43B52DE57482" controlTypeID="PopupPanel" x="105" y="403" w="46" h="46" zOrder="21">
      <groupChildrenDescriptors>
        <control controlID="8116C93C-68A9-47A3-A954-120389390D08" controlTypeID="Panel" x="0" y="0" w="800" h="639" zOrder="0">
          <locked>True</locked>
          <color>1879048192</color>
          <borderVisible>False</borderVisible>
          <canMove>False</canMove>
          <alias>background</alias>
          <groupChildrenDescriptors>
            <control controlID="FEBCBB5D-3A59-4E1E-A38C-1B808F8460B6" controlTypeID="Border" x="0" y="0" w="800" h="639" zOrder="0">
              <borderVisible>False</borderVisible>
              <alias>borderLayer</alias>
            </control>
          </groupChildrenDescriptors>
          <thinkness>1</thinkness>
        </control>
        <control controlID="CE62C561-7CE8-4B96-B104-A8B235624121" controlTypeID="PopupPanelContent" x="246" y="285" w="282" h="122" zOrder="1">
          <color>16777215</color>
          <alias>content</alias>
          <groupChildrenDescriptors>
            <control controlID="CBE6E303-D730-4276-A42D-89D5A6D29D08" controlTypeID="Shape" x="0" y="0" w="282" h="122" zOrder="0">
              <font family="Segoe+UI" displayName="Segoe+UI" postScript="" weightStyle="Normal" weight="400" isBold="False" isItalic="False"/>
              <selectedIndex>-1</selectedIndex>
            </control>
            <control controlID="0E452E87-5BF4-4F57-BAB5-D08E2F42E0EF" controlTypeID="TextArea" x="50" y="16" w="156" h="28" zOrder="1">
              <font family="Segoe+UI" displayName="Segoe+UI" postScript="" weightStyle="Normal" weight="400" isBold="False" isItalic="False"/>
              <text>Select+disease+color+%3A</text>
              <textSize>12</textSize>
              <selectedIndex>-1</selectedIndex>
            </control>
            <control controlID="634D24A6-EC29-4583-90F3-1D8810E617C8" controlTypeID="CheckBoxGroup" x="50" y="44" w="150" h="68" zOrder="2">
              <font family="Segoe+UI" displayName="Segoe+UI" postScript="" weightStyle="Normal" weight="400" isBold="False" isItalic="False"/>
              <text>%5B%5DRed%0D%0A%5B%5DGreen%0D%0A%5B%5DBlack</text>
              <textSize>12</textSize>
              <lineSpacing>0</lineSpacing>
              <itemHeight>16</itemHeight>
              <itemRect>[{"left":0,"top":0,"right":150,"bottom":16},{"left":0,"top":26,"right":150,"bottom":42},{"left":0,"top":52,"right":150,"bottom":68}]</itemRect>
            </control>
          </groupChildrenDescriptors>
        </control>
      </groupChildrenDescriptors>
    </control>
    <control controlID="A1F20BE2-A1E0-44BD-96D5-11D924E3F332" controlTypeID="PopupPanel" x="171" y="527" w="46" h="46" zOrder="22">
      <groupChildrenDescriptors>
        <control controlID="33A6D2DA-2367-4936-B846-9335FA5FFC65" controlTypeID="Panel" x="0" y="0" w="800" h="639" zOrder="0">
          <locked>True</locked>
          <color>1879048192</color>
          <borderVisible>False</borderVisible>
          <canMove>False</canMove>
          <alias>background</alias>
          <groupChildrenDescriptors>
            <control controlID="57899743-125A-4E43-8803-D25DC3FEE88D" controlTypeID="Border" x="0" y="0" w="800" h="639" zOrder="0">
              <borderVisible>False</borderVisible>
              <alias>borderLayer</alias>
            </control>
          </groupChildrenDescriptors>
          <thinkness>1</thinkness>
        </control>
        <control controlID="57DEC46F-3655-4159-892E-30D7E9550ACC" controlTypeID="PopupPanelContent" x="246" y="285" w="282" h="122" zOrder="1">
          <color>16777215</color>
          <alias>content</alias>
          <groupChildrenDescriptors>
            <control controlID="07A56A6A-EDAC-49DA-9878-6DF81AF8A584" controlTypeID="Shape" x="0" y="0" w="282" h="122" zOrder="0">
              <font family="Segoe+UI" displayName="Segoe+UI" postScript="" weightStyle="Normal" weight="400" isBold="False" isItalic="False"/>
              <selectedIndex>-1</selectedIndex>
            </control>
            <control controlID="208A4B38-4C3C-4D72-AF1F-8AB6CA18BCFE" controlTypeID="TextArea" x="50" y="16" w="156" h="28" zOrder="1">
              <font family="Segoe+UI" displayName="Segoe+UI" postScript="" weightStyle="Normal" weight="400" isBold="False" isItalic="False"/>
              <text>Select+disease+color+%3A</text>
              <textSize>12</textSize>
              <selectedIndex>-1</selectedIndex>
            </control>
            <control controlID="2ADC66A0-D294-484E-8681-9A9D2EC12A5C" controlTypeID="CheckBoxGroup" x="50" y="44" w="150" h="68" zOrder="2">
              <font family="Segoe+UI" displayName="Segoe+UI" postScript="" weightStyle="Normal" weight="400" isBold="False" isItalic="False"/>
              <text>%5B%5DRed%0D%0A%5B%5DGreen%0D%0A%5B%5DBlack</text>
              <textSize>12</textSize>
              <lineSpacing>0</lineSpacing>
              <itemHeight>16</itemHeight>
              <itemRect>[{"left":0,"top":0,"right":150,"bottom":16},{"left":0,"top":26,"right":150,"bottom":42},{"left":0,"top":52,"right":150,"bottom":68}]</itemRect>
            </control>
          </groupChildrenDescriptors>
        </control>
      </groupChildrenDescriptors>
    </control>
  </controls>
  <param>
    <backgroundColor>4294967295</backgroundColor>
    <fontSize>0</fontSize>
    <fontFamily/>
    <guideLines/>
  </param>
</mockup>