﻿<mockup version="5.3" minAllowVersion="5.3" ID="4537FDC9-1635-4123-9A72-F8B79D5565EB" platform="MtDesktop" defaultW="800" defaultH="600" measureW="800" measureH="600" mobileScreenScale="0">
  <controls controlCount="1">
    <control controlID="AB4AD360-F202-4EC7-BB2C-537D673C4F89" controlTypeID="TextArea" x="0" y="0" w="800" h="37" zOrder="0">
      <color>4282501083</color>
      <font family="Segoe+UI" displayName="Segoe+UI" postScript="" weightStyle="Normal" weight="400" isBold="False" isItalic="False"/>
      <text>Game+Response</text>
      <textSize>20</textSize>
      <useDefaultTextSize>False</useDefaultTextSize>
      <selectedIndex>-1</selectedIndex>
    </control>
  </controls>
  <param>
    <backgroundColor>4294967295</backgroundColor>
    <fontSize>0</fontSize>
    <fontFamily/>
    <guideLines/>
  </param>
</mockup>