﻿<project version="2.9" name="Project" ID="5FA6B5E3-4628-42A6-A9B2-A99086453A8D">
  <params>
    <pageParam version="5.3" minAllowVersion="5.3"/>
    <projectParam version="2.9" minAllowVersion="2.9" platform="MtDesktop" pageSize="(800,600)" backgroundColor="4294967295" fontSize="0" fontFamily="" projectType="ptPersonalProject" isShowTitleIndex="False"/>
    <previewParam version="1.0"/>
    <colorParam version="1.0"/>
  </params>
  <pages>
    <page name="Home" ID="2C7B27EB-6415-4A24-A453-AB2A543DBC36" expanded="False" code="mwTPhOzIFq" thumbCode="mwTPhOzIFq" isLastOpen="True" status="psWhite" isfolder="False" isshownode="True"/>
    <page name="Response" ID="4537FDC9-1635-4123-9A72-F8B79D5565EB" expanded="True" code="CSaGlvcnEp" thumbCode="CSaGlvcnEp" status="psWhite" isfolder="False" isshownode="True"/>
  </pages>
  <trash>
    <page name="Page" ID="E2AC6EA0-3F8B-40A6-A057-DEEAA58CA53C" expanded="True" code="LYLPFJKWWJ" thumbCode="SQrvbDFTom" isLastOpen="True" status="psWhite" isfolder="False" isshownode="True"/>
    <page name="Page" ID="DE8F0475-C022-4AF8-B539-23D9B3240E9F" expanded="True" code="2zhllEiUcy" thumbCode="h2AMtXbMq7" isLastOpen="True" status="psWhite" isfolder="False" isshownode="True"/>
    <page name="Home" ID="4161FA0A-A262-4BB2-81D8-9D22C6057215" expanded="True" code="DZZF7SFTFt" thumbCode="MNYgUbNonb" isLastOpen="True" status="psWhite" isfolder="False" isshownode="True"/>
    <page name="Home2" ID="05C15D5B-4FBE-4504-A1B9-B15A64C870D7" expanded="True" code="wuRYmnASrf" thumbCode="qQ6mX5WsBc" isLastOpen="True" status="psWhite" isfolder="False" isshownode="True"/>
    <page name="Home1" ID="1E3A2CC3-EC42-4CA3-9DCB-49DE08975137" expanded="True" code="goqbpDUvMR" thumbCode="iyPGfTRjSk" isLastOpen="True" status="psWhite" isfolder="False" isshownode="True"/>
    <page name="Home2" ID="06DE4BC9-0BE9-4FEF-AACF-CCA6AFA5322C" expanded="True" code="3xKcz5JbtW" thumbCode="lZQ2oYCIpa" isLastOpen="True" status="psWhite" isfolder="False" isshownode="True"/>
  </trash>
  <deletes/>
  <masters/>
  <images/>
</project>