﻿<project version="2.9" name="BuildGame" ID="8497E5E7-FAD9-4631-8852-BCC5B2A02D6C">
  <params>
    <pageParam version="5.3" minAllowVersion="5.3"/>
    <projectParam version="2.9" minAllowVersion="2.9" platform="MtDesktop" pageSize="(1000,650)" backgroundColor="4294967295" fontSize="12" fontFamily="Segoe UI" projectType="ptPersonalProject" isShowTitleIndex="False"/>
    <previewParam version="1.0"/>
    <colorParam version="1.0"/>
  </params>
  <pages>
    <page name="Home" ID="C5D5F2BE-89A1-4BDE-B54A-016F0581ABB1" expanded="True" code="vssNhTJhV3" thumbCode="vssNhTJhV3" isLastOpen="True" status="psWhite" isfolder="False" isshownode="True">
      <images>
        <image key="5E11B7640B5EAF9519762C3289382F1D.png"/>
        <image key="1C4A2085A1DC479693F3AA087FD38E07.png"/>
        <image key="CA59A4FD562F88D96920D5482C591317.png"/>
        <image key="2A91D95040708868862283C0B7AE86CC.svg"/>
        <image key="581821C142FFE2C30A1330D052EFFD70.svg"/>
        <image key="D0BD0D6BA9FED499E3A16D1AD6E1FE6D.png"/>
        <image key="902337E631771EED8E5F67E954B7D322.svg"/>
      </images>
    </page>
  </pages>
  <trash>
    <page name="Page" ID="CB9EFF47-844C-413E-85A9-35F2AF669558" expanded="False" code="eHwELpvI8f" thumbCode="RgSTTROHM8" isLastOpen="True" status="psWhite" isfolder="False" isshownode="True"/>
    <page name="SCENARIO" ID="055A30AC-3E5B-4989-915A-31EE5B70BBC5" expanded="False" code="Md6IGRXlnV" thumbCode="22lj2aOX4p" isLastOpen="True" status="psWhite" isfolder="False" isshownode="True">
      <images>
        <image key="5E11B7640B5EAF9519762C3289382F1D.png"/>
        <image key="1C4A2085A1DC479693F3AA087FD38E07.png"/>
        <image key="D0BD0D6BA9FED499E3A16D1AD6E1FE6D.png"/>
        <image key="CA59A4FD562F88D96920D5482C591317.png"/>
        <image key="902337E631771EED8E5F67E954B7D322.svg"/>
        <image key="581821C142FFE2C30A1330D052EFFD70.svg"/>
      </images>
    </page>
  </trash>
  <deletes/>
  <masters/>
  <images>
    <image key="5E11B7640B5EAF9519762C3289382F1D.png"/>
    <image key="1C4A2085A1DC479693F3AA087FD38E07.png"/>
    <image key="CA59A4FD562F88D96920D5482C591317.png"/>
    <image key="2A91D95040708868862283C0B7AE86CC.svg"/>
    <image key="581821C142FFE2C30A1330D052EFFD70.svg"/>
    <image key="D0BD0D6BA9FED499E3A16D1AD6E1FE6D.png"/>
    <image key="902337E631771EED8E5F67E954B7D322.svg"/>
  </images>
</project>