﻿<mockup version="5.3" minAllowVersion="5.3" ID="C5D5F2BE-89A1-4BDE-B54A-016F0581ABB1" platform="MtDesktop" defaultW="1000" defaultH="650" measureW="1000" measureH="650" mobileScreenScale="0">
  <controls controlCount="33">
    <control controlID="CF506891-E99D-43B8-82C9-D5E40F861F25" controlTypeID="Shape" x="0" y="0" w="1000" h="38" zOrder="0">
      <color>4291559424</color>
      <font family="Segoe+UI" displayName="Segoe+UI" postScript="" weightStyle="Normal" weight="400" isBold="False" isItalic="False"/>
      <text>BUILD+GAME</text>
      <textColor>4294967295</textColor>
      <textSize>32</textSize>
      <useDefaultTextSize>False</useDefaultTextSize>
      <selectedIndex>-1</selectedIndex>
    </control>
    <control controlID="046312A9-AA2B-4C3A-8A34-DB5D09667761" controlTypeID="Panel" x="0" y="38" w="1000" h="644" zOrder="1">
      <color>1258207416</color>
      <borderColor>4292865787</borderColor>
      <borderVisible>False</borderVisible>
      <groupChildrenDescriptors>
        <control controlID="DBC4EBA5-E554-4A22-9C01-458F0144204B" controlTypeID="Border" x="0" y="0" w="1000" h="644" zOrder="0">
          <borderColor>4292865787</borderColor>
          <borderVisible>False</borderVisible>
          <alias>borderLayer</alias>
        </control>
      </groupChildrenDescriptors>
      <thinkness>1</thinkness>
    </control>
    <control controlID="E767E149-8569-42EA-9A5A-936C1C214172" controlTypeID="Panel" x="10" y="209" w="157" h="155" zOrder="2">
      <color>16701675</color>
      <borderColor>4288269567</borderColor>
      <borderVisible>False</borderVisible>
      <groupChildrenDescriptors>
        <control controlID="9E90CA24-AB4E-427F-BD05-C733B478D5CC" controlTypeID="Icon" x="28" y="10" w="100" h="100" zOrder="0">
          <color>4278190080</color>
          <icon>
            <ID/>
            <iconFontName>jdIonicons</iconFontName>
            <iconCode>62439</iconCode>
          </icon>
          <URL>581821C142FFE2C30A1330D052EFFD70.svg</URL>
        </control>
        <control controlID="BD41D55A-7F5E-4C7F-8613-665C4CA60029" controlTypeID="Button" x="43" y="120" w="70" h="28" zOrder="1">
          <color>4291559424</color>
          <interactiveData>
            <entry title="">
              <area shape="0" alt="" ID="{6B8EC826-D295-4C2A-92DB-5CC150F382CC}" coords="(0,0,70,28)"/>
              <events title="">
                <event eventType="atClick" isChecked="True">
                  <behaviour title="" isChecked="True" isWait="False" isLoop="False" execMode="emParallel">
                    <target targetID="337AB5FA-D060-4F55-9D7F-229CDC673B0C" isChecked="True" isAutoRecovery="False" isLoop="False" execMode="emSequence">
                      <command name="Popup State Change" isChecked="True" descrition="">
                        <param name="AniInterpolation" value="0" varType="3" description=""/>
                        <param name="AniDuration" value="200" varType="3" description=""/>
                        <param name="AniAutoReverse" value="False" varType="11" description=""/>
                        <param name="AniLoop" value="False" varType="11" description=""/>
                        <param name="AniInterpolationTypeOut" value="False" varType="11" description=""/>
                        <param name="Delay" value="0" varType="3" description=""/>
                        <param name="Value" value="2" varType="3" description=""/>
                        <param name="AniType" value="0" varType="3" description=""/>
                      </command>
                    </target>
                  </behaviour>
                </event>
              </events>
            </entry>
          </interactiveData>
          <font family="Segoe+UI" displayName="Segoe+UI" postScript="" weightStyle="Normal" weight="400" isBold="False" isItalic="False"/>
          <text>SCENARIO</text>
          <textColor>4294967295</textColor>
          <textSize>12</textSize>
          <lineSpacing>0</lineSpacing>
          <selectedIndex>-1</selectedIndex>
          <radius>4</radius>
        </control>
        <control controlID="AF4C602D-FAFB-4B10-B7FE-7C2204C6CB7D" controlTypeID="Border" x="0" y="0" w="157" h="155" zOrder="2">
          <borderColor>4288269567</borderColor>
          <borderVisible>False</borderVisible>
          <alias>borderLayer</alias>
        </control>
      </groupChildrenDescriptors>
      <thinkness>1</thinkness>
    </control>
    <control controlID="A0C63D15-F433-4379-A54B-33B4BCC63B5E" controlTypeID="Panel" x="173" y="209" w="157" h="155" zOrder="3">
      <color>16701675</color>
      <borderColor>4288269567</borderColor>
      <borderVisible>False</borderVisible>
      <groupChildrenDescriptors>
        <control controlID="5824DFF2-C759-469C-9545-72C20AAA4346" controlTypeID="Button" x="43" y="120" w="70" h="28" zOrder="0">
          <color>4291559424</color>
          <font family="Segoe+UI" displayName="Segoe+UI" postScript="" weightStyle="Normal" weight="400" isBold="False" isItalic="False"/>
          <text>CARDS</text>
          <textColor>4294967295</textColor>
          <textSize>12</textSize>
          <lineSpacing>0</lineSpacing>
          <selectedIndex>-1</selectedIndex>
          <radius>4</radius>
        </control>
        <control controlID="6817C22A-FF6F-498F-8647-E1DC3AB68C6F" controlTypeID="Image" x="28" y="10" w="100" h="100" zOrder="1">
          <URL>CA59A4FD562F88D96920D5482C591317.png</URL>
        </control>
        <control controlID="A3B4C9ED-D596-42E1-AE95-D79FF72480D2" controlTypeID="Border" x="0" y="0" w="157" h="155" zOrder="2">
          <borderColor>4288269567</borderColor>
          <borderVisible>False</borderVisible>
          <alias>borderLayer</alias>
        </control>
      </groupChildrenDescriptors>
      <thinkness>1</thinkness>
    </control>
    <control controlID="7F904B0D-8D01-469A-AD2C-9AC7A9DB07E6" controlTypeID="Panel" x="336" y="209" w="157" h="155" zOrder="4">
      <color>16701675</color>
      <borderColor>4288269567</borderColor>
      <borderVisible>False</borderVisible>
      <groupChildrenDescriptors>
        <control controlID="91EB5120-8995-4B41-A884-6CBFBF2D88DB" controlTypeID="Button" x="43" y="120" w="70" h="28" zOrder="0">
          <color>4291559424</color>
          <font family="Segoe+UI" displayName="Segoe+UI" postScript="" weightStyle="Normal" weight="400" isBold="False" isItalic="False"/>
          <text>USER</text>
          <textColor>4294967295</textColor>
          <textSize>12</textSize>
          <lineSpacing>0</lineSpacing>
          <selectedIndex>-1</selectedIndex>
          <radius>4</radius>
        </control>
        <control controlID="0EAA1F96-7A2A-413F-9BEE-5E812A9F52E2" controlTypeID="Icon" x="28" y="10" w="100" h="100" zOrder="1">
          <color>4278190080</color>
          <icon>
            <ID/>
            <iconFontName>jdFontCustom</iconFontName>
            <iconCode>61951</iconCode>
          </icon>
          <URL>902337E631771EED8E5F67E954B7D322.svg</URL>
        </control>
        <control controlID="C9296AE5-F2ED-45DB-BEC2-71619C382891" controlTypeID="Border" x="0" y="0" w="157" h="155" zOrder="2">
          <borderColor>4288269567</borderColor>
          <borderVisible>False</borderVisible>
          <alias>borderLayer</alias>
        </control>
      </groupChildrenDescriptors>
      <thinkness>1</thinkness>
    </control>
    <control controlID="6198F7AC-2C4E-4213-9CF7-5A5A006ADA0D" controlTypeID="Panel" x="499" y="209" w="157" h="155" zOrder="5">
      <color>16701675</color>
      <borderColor>4288269567</borderColor>
      <borderVisible>False</borderVisible>
      <groupChildrenDescriptors>
        <control controlID="269E8018-38EE-4BDA-B30C-388131C8610E" controlTypeID="Button" x="36" y="120" w="85" h="28" zOrder="0">
          <color>4291559424</color>
          <font family="Segoe+UI" displayName="Segoe+UI" postScript="" weightStyle="Normal" weight="400" isBold="False" isItalic="False"/>
          <text>BOARD+INFO</text>
          <textColor>4294967295</textColor>
          <textSize>12</textSize>
          <lineSpacing>0</lineSpacing>
          <selectedIndex>-1</selectedIndex>
          <radius>4</radius>
        </control>
        <control controlID="A0078773-B156-4A2B-91E6-FCE4603E631B" controlTypeID="Image" x="28" y="10" w="100" h="100" zOrder="1">
          <URL>1C4A2085A1DC479693F3AA087FD38E07.png</URL>
        </control>
        <control controlID="3C2A8A5D-F5A8-4BE1-B721-6E4C25206898" controlTypeID="Border" x="0" y="0" w="157" h="155" zOrder="2">
          <borderColor>4288269567</borderColor>
          <borderVisible>False</borderVisible>
          <alias>borderLayer</alias>
        </control>
      </groupChildrenDescriptors>
      <thinkness>1</thinkness>
    </control>
    <control controlID="362A63D0-DB3E-4EF8-AE0F-ECF55212F8AD" controlTypeID="Panel" x="662" y="209" w="157" h="155" zOrder="6">
      <color>16701675</color>
      <borderColor>4288269567</borderColor>
      <borderVisible>False</borderVisible>
      <groupChildrenDescriptors>
        <control controlID="9887C3B5-4503-4FE6-84AE-AABBAA78DA7C" controlTypeID="Button" x="36" y="120" w="85" h="28" zOrder="0">
          <color>4291559424</color>
          <font family="Segoe+UI" displayName="Segoe+UI" postScript="" weightStyle="Normal" weight="400" isBold="False" isItalic="False"/>
          <text>GAME+PIECES</text>
          <textColor>4294967295</textColor>
          <textSize>12</textSize>
          <lineSpacing>0</lineSpacing>
          <selectedIndex>-1</selectedIndex>
          <radius>4</radius>
        </control>
        <control controlID="C79FBD1A-F1D3-472D-93C6-98AD694254CA" controlTypeID="Image" x="28" y="10" w="100" h="100" zOrder="1">
          <URL>D0BD0D6BA9FED499E3A16D1AD6E1FE6D.png</URL>
        </control>
        <control controlID="D6D46870-7F0A-4307-8E54-72018231A2DC" controlTypeID="Border" x="0" y="0" w="157" h="155" zOrder="2">
          <borderColor>4288269567</borderColor>
          <borderVisible>False</borderVisible>
          <alias>borderLayer</alias>
        </control>
      </groupChildrenDescriptors>
      <thinkness>1</thinkness>
    </control>
    <control controlID="D3A357CA-935F-4422-B3A6-B8C2320B4360" controlTypeID="Panel" x="827" y="209" w="157" h="155" zOrder="7">
      <color>16701675</color>
      <borderColor>4288269567</borderColor>
      <borderVisible>False</borderVisible>
      <groupChildrenDescriptors>
        <control controlID="EABD1C32-2802-4146-A3FF-1945538E567C" controlTypeID="Button" x="43" y="120" w="70" h="28" zOrder="0">
          <color>4291559424</color>
          <font family="Segoe+UI" displayName="Segoe+UI" postScript="" weightStyle="Normal" weight="400" isBold="False" isItalic="False"/>
          <text>TIMER</text>
          <textColor>4294967295</textColor>
          <textSize>12</textSize>
          <lineSpacing>0</lineSpacing>
          <selectedIndex>-1</selectedIndex>
          <radius>4</radius>
        </control>
        <control controlID="EC3C1A25-50BD-49EF-8E15-905743F238EE" controlTypeID="Image" x="28" y="10" w="100" h="100" zOrder="1">
          <URL>5E11B7640B5EAF9519762C3289382F1D.png</URL>
        </control>
        <control controlID="3E005ED4-6C5B-4C72-A758-F14C61BDE588" controlTypeID="Border" x="0" y="0" w="157" h="155" zOrder="2">
          <borderColor>4288269567</borderColor>
          <borderVisible>False</borderVisible>
          <alias>borderLayer</alias>
        </control>
      </groupChildrenDescriptors>
      <thinkness>1</thinkness>
    </control>
    <control controlID="337AB5FA-D060-4F55-9D7F-229CDC673B0C" controlTypeID="PopupPanel" x="58" y="415" w="46" h="46" zOrder="8">
      <groupChildrenDescriptors>
        <control controlID="A1BA348C-A0EA-4A47-9F11-E6C40B3F0085" controlTypeID="Panel" x="0" y="0" w="1000" h="650" zOrder="0">
          <locked>True</locked>
          <color>1879048192</color>
          <borderVisible>False</borderVisible>
          <canMove>False</canMove>
          <alias>background</alias>
          <groupChildrenDescriptors>
            <control controlID="A64B74B3-F002-4EDB-AEF1-F7C9A5EBFFD7" controlTypeID="Border" x="0" y="0" w="1000" h="650" zOrder="0">
              <borderVisible>False</borderVisible>
              <alias>borderLayer</alias>
            </control>
          </groupChildrenDescriptors>
          <thinkness>1</thinkness>
        </control>
        <control controlID="8F7044D8-2299-440D-B349-6E02309112B3" controlTypeID="PopupPanelContent" x="364" y="139" w="300" h="400" zOrder="1">
          <color>16777215</color>
          <alias>content</alias>
          <groupChildrenDescriptors>
            <control controlID="A3584EE0-AA88-4818-88DC-AB5EA29A6B70" controlTypeID="Panel" x="0" y="0" w="300" h="400" zOrder="0">
              <groupChildrenDescriptors>
                <control controlID="30CC012A-8A78-452C-ADDF-93584C68EFB1" controlTypeID="Border" x="0" y="0" w="300" h="400" zOrder="0">
                  <alias>borderLayer</alias>
                </control>
              </groupChildrenDescriptors>
              <thinkness>1</thinkness>
            </control>
          </groupChildrenDescriptors>
        </control>
      </groupChildrenDescriptors>
    </control>
  </controls>
  <param>
    <backgroundColor>4294967295</backgroundColor>
    <fontSize>12</fontSize>
    <fontFamily>Segoe+UI</fontFamily>
    <guideLines/>
  </param>
</mockup>